reference_id,citation_and_scope,academic_url,inspection_level,inspection_description,verified_on
R01,"Dunlosky, J., Rawson, K. A., Marsh, E. J., Nathan, M. J., & Willingham, D. T. (2013). Improving Students' Learning With Effective Learning Techniques: Promising Directions From Cognitive and Educational Psychology. Psychological Science in the Public Interest, 14(1), 4-58. [DOI](https://doi.org/10.1177/1529100612453266). Broad critical review; A, publisher/academic summary. Used for relative utility and elaboration boundaries.",https://doi.org/10.1177/1529100612453266,A,publisher/academic summary,2026-10-03
R02,"Yang, C., Luo, L., Vadillo, M. A., Yu, R., & Shanks, D. R. (2021). Testing (quizzing) boosts classroom learning: A systematic and meta-analytic review. Psychological Bulletin, 147(4), 399-435. [DOI](https://doi.org/10.1037/bul0000309). Meta-analysis; A, PubMed abstract. Used for classroom testing and moderators.",https://doi.org/10.1037/bul0000309,A,PubMed abstract,2026-10-03
R03,"Agarwal, P. K., Nunes, L. D., & Blunt, J. R. (2021). Retrieval Practice Consistently Benefits Student Learning: a Systematic Review of Applied Research in Schools and Classrooms. Educational Psychology Review, 33, 1409-1453. [DOI](https://doi.org/10.1007/s10648-021-09595-9). Systematic review; A, publisher abstract. Applied evidence has limited representation outside commonly studied populations.",https://doi.org/10.1007/s10648-021-09595-9,A,publisher abstract,2026-10-03
R04,"Gonçalves, A. de O., Muniz, B. F. B., & Jaeger, A. (2025). Retrieval Practice Versus Elaborative Encoding: A Systematic and Meta-analytic Review. Educational Psychology Review, 37, article 100. [DOI](https://doi.org/10.1007/s10648-025-10076-6). Meta-analysis; A, publisher abstract. Important stronger-comparator and feedback boundary.",https://doi.org/10.1007/s10648-025-10076-6,A,publisher abstract,2026-10-03
R05,"Cepeda, N. J., Pashler, H., Vul, E., Wixted, J. T., & Rohrer, D. (2006). Distributed practice in verbal recall tasks: A review and quantitative synthesis. Psychological Bulletin, 132(3), 354-380. [DOI](https://doi.org/10.1037/0033-2909.132.3.354). Meta-analysis; A, academic repository/abstract. [Repository](https://escholarship.org/uc/item/3rr6q10c). Verbal recall and retention-interval dependence.",https://doi.org/10.1037/0033-2909.132.3.354,A,academic repository/abstract,2026-10-03
R06,"Mawson, R. D., & Kang, S. H. K. (2025). The Distributed Practice Effect on Classroom Learning: A Meta-Analytic Review of Applied Research. Behavioral Sciences, 15(6), 771. [DOI](https://doi.org/10.3390/bs15060771). Meta-analysis; A, PubMed abstract. Classroom spacing rather than a precise individualized schedule.",https://doi.org/10.3390/bs15060771,A,PubMed abstract,2026-10-03
R07,"Murray, E., Horner, A. J., & Göbel, S. M. (2025). A Meta-analytic Review of the Effectiveness of Spacing and Retrieval Practice for Mathematics Learning. Educational Psychology Review, 37, article 75. [DOI](https://doi.org/10.1007/s10648-025-10035-1). Meta-analysis; A, university repository abstract. [Repository](https://eprints.whiterose.ac.uk/id/eprint/229807/). Mathematics spacing supported; retrieval contrast inconclusive.",https://doi.org/10.1007/s10648-025-10035-1,A,university repository abstract,2026-10-03
R08,"Rawson, K. A., Dunlosky, J., & Sciartelli, S. M. (2013). The Power of Successive Relearning: Improving Performance on Course Exams and Long-Term Retention. Educational Psychology Review, 25, 523-548. [DOI](https://doi.org/10.1007/s10648-013-9240-4). Classroom experiments; A, ERIC abstract. Important knowledge relearned across sessions.",https://doi.org/10.1007/s10648-013-9240-4,A,ERIC abstract,2026-10-03
R09,"Rawson, K. A., & Dunlosky, J. (2022). Successive Relearning: An Underexplored but Potent Technique for Obtaining and Maintaining Knowledge. Current Directions in Psychological Science. [DOI](https://doi.org/10.1177/09637214221100484). Review; A, publisher indexed article excerpts. Does not establish a universal procedure schedule.",https://doi.org/10.1177/09637214221100484,A,publisher indexed article excerpts,2026-10-03
R10,"Brunmair, M., & Richter, T. (2019). Similarity matters: A meta-analysis of interleaved learning and its moderators. Psychological Bulletin, 145(11), 1029-1052. [DOI](https://doi.org/10.1037/bul0000209). Meta-analysis; A, PubMed abstract. Material- and similarity-dependent effects.",https://doi.org/10.1037/bul0000209,A,PubMed abstract,2026-10-03
R11,"Rohrer, D., Dedrick, R. F., Hartwig, M. K., & Cheung, C. N. (2020). A randomized controlled trial of interleaved mathematics practice. Journal of Educational Psychology, 112(1), 40-52. [DOI](https://doi.org/10.1037/edu0000367). Classroom randomized trial; A, academic/publisher record. Strategy selection, not arbitrary topic switching.",https://doi.org/10.1037/edu0000367,A,academic/publisher record,2026-10-03
R12,"Bertsch, S., Pesta, B. J., Wiscott, R., & McDaniel, M. A. (2007). The generation effect: A meta-analytic review. Memory & Cognition, 35, 201-210. [DOI](https://doi.org/10.3758/BF03193441). Meta-analysis; A, publisher abstract. Generation memory tasks differ from whole-program construction.",https://doi.org/10.3758/BF03193441,A,publisher abstract,2026-10-03
R13,"Pan, S. C., & Carpenter, S. K. (2023). Prequestioning and Pretesting Effects: a Review of Empirical Research, Theoretical Perspectives, and Implications for Educational Practice. Educational Psychology Review, 35, article 97. [DOI](https://doi.org/10.1007/s10648-023-09814-5). Review; F, relevant open-access sections. Correction, attention, and generalization boundaries.",https://doi.org/10.1007/s10648-023-09814-5,F,relevant open-access sections,2026-10-03
R14,"St. Hilaire, K. J., Chan, J. C. K., & Ahn, D. (2024; online 2023). Guessing as a learning intervention: A meta-analytic review of the prequestion effect. Psychonomic Bulletin & Review, 31, 411-441. [DOI](https://doi.org/10.3758/s13423-023-02353-8). Meta-analysis; A, publisher abstract. Specific versus general prequestion effects.",https://doi.org/10.3758/s13423-023-02353-8,A,publisher abstract,2026-10-03
R15,"Barbieri, C. A., Miller-Cotto, D., Clerjuste, S. N., & Chawla, K. (2023). A Meta-analysis of the Worked Examples Effect on Mathematics Performance. Educational Psychology Review, 35, article 11. [DOI](https://doi.org/10.1007/s10648-023-09745-1). Meta-analysis; F, author PDF abstract and targeted results. Prompt moderator must not be interpreted as isolated causal proof.",https://doi.org/10.1007/s10648-023-09745-1,F,author PDF abstract and targeted results,2026-10-03
R16,"Sweller, J., van Merriënboer, J. J. G., & Paas, F. (2019). Cognitive Architecture and Instructional Design: 20 Years Later. Educational Psychology Review, 31, 261-292. [DOI](https://doi.org/10.1007/s10648-019-09465-5). Theoretical/instructional review; A, publisher abstract/indexed sections. Load theory is not a measured chat-based brain capacity.",https://doi.org/10.1007/s10648-019-09465-5,A,publisher abstract/indexed sections,2026-10-03
R17,"Renkl, A., & Atkinson, R. K. (2003). Structuring the Transition From Example Study to Problem Solving in Cognitive Skill Acquisition: A Cognitive Load Perspective. Educational Psychologist, 38(1), 15-22. [DOI](https://doi.org/10.1207/S15326985EP3801_3). Review; A, academic record. Rationale for fading and completion problems.",https://doi.org/10.1207/S15326985EP3801_3,A,academic record,2026-10-03
R18,"Atkinson, R. K., Renkl, A., & Merrill, M. M. (2003). Transitioning From Studying Examples to Solving Problems: Effects of Self-Explanation Prompts and Fading Worked-Out Steps. Journal of Educational Psychology, 95(4), 774-783. [DOI](https://doi.org/10.1037/0022-0663.95.4.774). Controlled experiments; A, institutional abstract. Specific prompted-fading results, not a universal sequence.",https://doi.org/10.1037/0022-0663.95.4.774,A,institutional abstract,2026-10-03
R19,"Cowan, N. (2010). The Magical Mystery Four: How is Working Memory Capacity Limited, and Why? Current Directions in Psychological Science, 19(1), 51-57. [DOI](https://doi.org/10.1177/0963721409359277). Review; A, academic record. Does not establish an optimal number of instructional bullets.",https://doi.org/10.1177/0963721409359277,A,academic record,2026-10-03
R20,"Bisra, K., Liu, Q., Nesbit, J. C., Salimi, F., & Winne, P. H. (2018). Inducing Self-Explanation: A Meta-Analysis. Educational Psychology Review, 30, 703-725. [DOI](https://doi.org/10.1007/s10648-018-9434-x). Meta-analysis; A, ERIC abstract. Broad synthesis with task and prompt heterogeneity.",https://doi.org/10.1007/s10648-018-9434-x,A,ERIC abstract,2026-10-03
R21,"Fyfe, E. R., McNeil, N. M., Son, J. Y., & Goldstone, R. L. (2014). Concreteness Fading in Mathematics and Science Instruction: a Systematic Review. Educational Psychology Review, 26, 9-25. [DOI](https://doi.org/10.1007/s10648-014-9249-3). Systematic review; A, ERIC abstract. Mapping concrete to abstract is conditional.",https://doi.org/10.1007/s10648-014-9249-3,A,ERIC abstract,2026-10-03
R22,"Alfieri, L., Nokes-Malach, T. J., & Schunn, C. D. (2013). Learning Through Case Comparisons: A Meta-Analytic Review. Educational Psychologist, 48(2), 87-113. [DOI](https://doi.org/10.1080/00461520.2013.775712). Meta-analysis; F, author PDF targeted sections. Supports comparison with explicit structural mapping.",https://doi.org/10.1080/00461520.2013.775712,F,author PDF targeted sections,2026-10-03
R23,"Noetel, M., et al. (2022). Multimedia Design for Learning: An Overview of Reviews With Meta-Meta-Analysis. Review of Educational Research, 92(3), 413-454. [DOI](https://doi.org/10.3102/00346543211052329). Overview of reviews; A, academic/publisher abstract. Overlap and multiple comparators limit effect aggregation.",https://doi.org/10.3102/00346543211052329,A,academic/publisher abstract,2026-10-03
R24,"Rey, G. D., Beege, M., Nebel, S., Wirzberger, M., Schmitt, T. H., & Schneider, S. (2019). A Meta-analysis of the Segmenting Effect. Educational Psychology Review, 31, 389-419. [DOI](https://doi.org/10.1007/s10648-018-9456-4). Meta-analysis; A, publisher abstract. Learning benefit and added study time both matter.",https://doi.org/10.1007/s10648-018-9456-4,A,publisher abstract,2026-10-03
R25,"Schneider, S., Beege, M., Nebel, S., & Rey, G. D. (2018). A meta-analysis of how signaling affects learning with media. Educational Research Review, 23, 1-24. [DOI](https://doi.org/10.1016/j.edurev.2017.11.001). Meta-analysis; A, publisher abstract. Relevant signaling rather than indiscriminate highlighting.",https://doi.org/10.1016/j.edurev.2017.11.001,A,publisher abstract,2026-10-03
R26,"Leahy, W., & Sweller, J. (2011). Cognitive load theory, modality of presentation and the transient information effect. Applied Cognitive Psychology, 25(6), 943-951. [DOI](https://doi.org/10.1002/acp.1787). Experiments; A, academic abstract. Duration and persistent information matter for voice design.",https://doi.org/10.1002/acp.1787,A,academic abstract,2026-10-03
R27,"Wisniewski, B., Zierer, K., & Hattie, J. (2020). The Power of Feedback Revisited: A Meta-Analysis of Educational Feedback Research. Frontiers in Psychology, 10, 3087. [DOI](https://doi.org/10.3389/fpsyg.2019.03087). Meta-analysis; A, publisher abstract/results summary. Substantial heterogeneity by feedback information.",https://doi.org/10.3389/fpsyg.2019.03087,A,publisher abstract/results summary,2026-10-03
R28,"Shute, V. J. (2008). Focus on Formative Feedback. Review of Educational Research, 78(1), 153-189. [DOI](https://doi.org/10.3102/0034654307313795). Review; A, publisher/academic record. Timing and hint policy are conditional.",https://doi.org/10.3102/0034654307313795,A,publisher/academic record,2026-10-03
R29,"Kulik, C.-L. C., Kulik, J. A., & Bangert-Drowns, R. L. (1990). Effectiveness of Mastery Learning Programs: A Meta-Analysis. Review of Educational Research, 60(2), 265-299. [DOI](https://doi.org/10.3102/00346543060002265). Meta-analysis; A, publisher abstract. Program effects do not determine a universal mastery percentage.",https://doi.org/10.3102/00346543060002265,A,publisher abstract,2026-10-03
R30,"Wilson, R. C., Shenhav, A., Straccia, M., & Cohen, J. D. (2019). The Eighty Five Percent Rule for optimal learning. Nature Communications, 10, 4646. [DOI](https://doi.org/10.1038/s41467-019-12552-4). Computational/theoretical study; F, scope and model sections. Not a validation of 85% accuracy in general human tutoring.",https://doi.org/10.1038/s41467-019-12552-4,F,scope and model sections,2026-10-03
R31,"Soderstrom, N. C., & Bjork, R. A. (2015). Learning versus performance: an integrative review. Perspectives on Psychological Science, 10(2), 176-199. [DOI](https://doi.org/10.1177/1745691615569000). Review; A, academic abstract. Current performance and durable learning can diverge.",https://doi.org/10.1177/1745691615569000,A,academic abstract,2026-10-03
R32,"Bjork, R. A., Dunlosky, J., & Kornell, N. (2013). Self-Regulated Learning: Beliefs, Techniques, and Illusions. Annual Review of Psychology, 64, 417-444. [DOI](https://doi.org/10.1146/annurev-psych-113011-143823). Review; A, publisher record/abstract. Metacognitive illusions and theoretical retrieval/storage distinctions.",https://doi.org/10.1146/annurev-psych-113011-143823,A,publisher record/abstract,2026-10-03
R33,"Benjamin, A. S., Bjork, R. A., & Schwartz, B. L. (1998). The mismeasure of memory: when retrieval fluency is misleading as a metamnemonic index. Journal of Experimental Psychology: General, 127(1), 55-68. [DOI](https://doi.org/10.1037/0096-3445.127.1.55). Experiments; A, academic/PubMed record. Retrieval fluency can mislead memory judgments.",https://doi.org/10.1037/0096-3445.127.1.55,A,academic/PubMed record,2026-10-03
R34,"Metcalfe, J. (2017). Learning from Errors. Annual Review of Psychology, 68, 465-489. [DOI](https://doi.org/10.1146/annurev-psych-010416-044022). Review; A, publisher abstract. Errors with correction, not unbounded guessing.",https://doi.org/10.1146/annurev-psych-010416-044022,A,publisher abstract,2026-10-03
R35,"Sinha, T., & Kapur, M. (2021). When Problem Solving Followed by Instruction Works: Evidence for Productive Failure. Review of Educational Research, 91(5), 761-798. [DOI](https://doi.org/10.3102/00346543211019105). Meta-analysis; A, publisher abstract. Implementation and population conditions matter.",https://doi.org/10.3102/00346543211019105,A,publisher abstract,2026-10-03
R36,"Pan, S. C., & Rickard, T. C. (2018). Transfer of test-enhanced learning: Meta-analytic review and synthesis. Psychological Bulletin, 144(7), 710-756. [DOI](https://doi.org/10.1037/bul0000151). Meta-analysis; F, author PDF targeted abstract/transfer discussion. No blanket far-transfer guarantee.",https://doi.org/10.1037/bul0000151,F,author PDF targeted abstract/transfer discussion,2026-10-03
R37,"Morris, C. D., Bransford, J. D., & Franks, J. J. (1977). Levels of processing versus transfer appropriate processing. Journal of Verbal Learning and Verbal Behavior, 16(5), 519-533. [DOI](https://doi.org/10.1016/S0022-5371%2877%2980016-9). Experiments; A, publisher abstract. Practice/test processing correspondence.",https://doi.org/10.1016/S0022-5371%2877%2980016-9,A,publisher abstract,2026-10-03
R38,"Schroeder, N. L., Nesbit, J. C., Anguiano, C. J., & Adesope, O. O. (2018; online 2017). Studying and Constructing Concept Maps: a Meta-Analysis. Educational Psychology Review, 30, 431-455. [DOI](https://doi.org/10.1007/s10648-017-9403-9). Meta-analysis; A, ERIC abstract. Construction-versus-viewing subgroup differences need caution.",https://doi.org/10.1007/s10648-017-9403-9,A,ERIC abstract,2026-10-03
R39,"Driskell, J. E., Willis, R. P., & Copper, C. (1992). Effect of overlearning on retention. Journal of Applied Psychology, 77(5), 615-622. [DOI](https://doi.org/10.1037/0021-9010.77.5.615). Meta-analysis; A, academic abstract. Task and retention interval moderate utility.",https://doi.org/10.1037/0021-9010.77.5.615,A,academic abstract,2026-10-03
R40,"Rohrer, D., & Taylor, K. (2006). The effects of overlearning and distributed practise on the retention of mathematics knowledge. Applied Cognitive Psychology, 20(9), 1209-1224. [DOI](https://doi.org/10.1002/acp.1266). Experiments; A, publisher abstract. Extra massed work and spacing are distinct allocation choices.",https://doi.org/10.1002/acp.1266,A,publisher abstract,2026-10-03
R41,"Logan, G. D. (1988). Toward an instance theory of automatization. Psychological Review, 95(4), 492-527. [DOI](https://doi.org/10.1037/0033-295X.95.4.492). Theory with empirical basis; A, academic abstract. Automaticity is not equivalent to flexible conceptual competence.",https://doi.org/10.1037/0033-295X.95.4.492,A,academic abstract,2026-10-03
R42,"Elsey, J. W. B., van Ast, V. A., & Kindt, M. (2018). Human memory reconsolidation: A guiding framework and critical review of the evidence. Psychological Bulletin, 144(8), 797-848. [DOI](https://doi.org/10.1037/bul0000152). Critical review; A, academic abstract. Mechanism inference has substantial limits.",https://doi.org/10.1037/bul0000152,A,academic abstract,2026-10-03
R43,"Pashler, H., McDaniel, M., Rohrer, D., & Bjork, R. (2008; online 2009). Learning Styles: Concepts and Evidence. Psychological Science in the Public Interest, 9(3), 105-119. [DOI](https://doi.org/10.1111/j.1539-6053.2009.01038.x). Critical review; A, publisher abstract/indexed conclusions. Preference does not validate style-matched instruction.",https://doi.org/10.1111/j.1539-6053.2009.01038.x,A,publisher abstract/indexed conclusions,2026-10-03
R44,"Sundararajan, N., & Adesope, O. (2020). Keep it Coherent: A Meta-Analysis of the Seductive Details Effect. Educational Psychology Review, 32, 707-734. [DOI](https://doi.org/10.1007/s10648-020-09522-4). Meta-analysis; A, publisher abstract. Interesting irrelevant material can impair learning.",https://doi.org/10.1007/s10648-020-09522-4,A,publisher abstract,2026-10-03
R45,"Sailer, M., & Homner, L. (2020; online 2019). The Gamification of Learning: a Meta-analysis. Educational Psychology Review, 32, 77-112. [DOI](https://doi.org/10.1007/s10648-019-09498-w). Meta-analysis; A, publisher abstract. Learning outcomes differ from engagement metrics.",https://doi.org/10.1007/s10648-019-09498-w,A,publisher abstract,2026-10-03
R46,"Lister, R., et al. (2004). A multi-national study of reading and tracing skills in novice programmers. ITiCSE working group reports, 119-150. [DOI](https://doi.org/10.1145/1044550.1041673). Multi-institution assessment study; A, ACM/academic record. Diagnoses tracing gaps; does not randomize curriculum order.",https://doi.org/10.1145/1044550.1041673,A,ACM/academic record,2026-10-03
R47,"Sorva, J. (2013). Notional Machines and Introductory Programming Education. ACM Transactions on Computing Education, 13(2), article 8. [DOI](https://doi.org/10.1145/2483710.2483713). Review/conceptual synthesis; A, institutional record. Explicit execution models for introductory programming.",https://doi.org/10.1145/2483710.2483713,A,institutional record,2026-10-03
R48,"Qian, Y., & Lehman, J. (2017). Students' Misconceptions and Other Difficulties in Introductory Programming: A Literature Review. ACM Transactions on Computing Education, 18(1). [DOI](https://doi.org/10.1145/3077618). Literature review; F, author-uploaded targeted sections. Misconception categories are not diagnoses of Advay.",https://doi.org/10.1145/3077618,F,author-uploaded targeted sections,2026-10-03
R49,"Ericson, B. J., et al. (2022). Parsons Problems and Beyond: Systematic Literature Review and Empirical Study Designs. ITiCSE working group reports. [DOI](https://doi.org/10.1145/3571785.3574127). Systematic review; F, author PDF learning-gain and limitation sections. Replication and independent-code outcomes remain important gaps.",https://doi.org/10.1145/3571785.3574127,F,author PDF learning-gain and limitation sections,2026-10-03
R50,"Sentance, S., Waite, J., & Kallia, M. (2019). Teaching computer programming with PRIMM: a sociocultural perspective. Computer Science Education, 29(2-3), 136-176. [DOI](https://doi.org/10.1080/08993408.2019.1608781). School intervention with controls/mixed methods; A, university abstract. Classroom social components may not transfer unchanged to one-to-one AI teaching.",https://doi.org/10.1080/08993408.2019.1608781,A,university abstract,2026-10-03
R51,"Margulieux, L. E., Morrison, B. B., & Decker, A. (2020). Reducing withdrawal and failure rates in introductory programming with subgoal labeled worked examples. International Journal of STEM Education, 7, article 19. [DOI](https://doi.org/10.1186/s40594-020-00222-7). Course intervention; F, open-access abstract/results. Quiz and withdrawal/failure results differ from mean exam results.",https://doi.org/10.1186/s40594-020-00222-7,F,open-access abstract/results,2026-10-03
R52,"Hundhausen, C. D., Douglas, S. A., & Stasko, J. T. (2002). A Meta-Study of Algorithm Visualization Effectiveness. Journal of Visual Languages & Computing, 13(3), 259-290. [DOI](https://doi.org/10.1006/jvlc.2002.0237). Meta-study; A, publisher abstract. Learner activity matters beyond seeing animation.",https://doi.org/10.1006/jvlc.2002.0237,A,publisher abstract,2026-10-03
R53,"Yang, S., Baird, M., O'Rourke, E., Brennan, K., & Schneider, B. (2024). Decoding Debugging Instruction: A Systematic Literature Review of Debugging Interventions. ACM Transactions on Computing Education, 24(4), article 45. [DOI](https://doi.org/10.1145/3690652). Systematic review; F, publisher review/intervention sections. Diverse studies and outcome measures limit universal prescriptions.",https://doi.org/10.1145/3690652,F,publisher review/intervention sections,2026-10-03
R54,"Bastani, H., Bastani, O., Sungu, A., Ge, H., Kabakcı, Ö., & Mariman, R. (2025). Generative AI without guardrails can harm learning: Evidence from high school mathematics. PNAS, 122(26), e2422633122. [DOI](https://doi.org/10.1073/pnas.2422633122). Randomized field study; F, relevant published abstract/design/results. Guarded tutor avoided harm but did not establish a significant unassisted advantage. Published correction concerns affiliation, not the reported outcome.",https://doi.org/10.1073/pnas.2422633122,F,relevant published abstract/design/results,2026-10-03
R55,"Kestin, G., Miller, K., Klales, A., Milbourne, T., & Ponti, G. (2025). AI tutoring outperforms in-class active learning: an RCT introducing a novel research-based design in an authentic educational setting. Scientific Reports, 15, 17458. [DOI](https://doi.org/10.1038/s41598-025-97652-6). Randomized physics instruction study; A, publisher abstract/design summary. Immediate outcomes and comparator setting do not establish long-term ENCODE efficacy.",https://doi.org/10.1038/s41598-025-97652-6,A,publisher abstract/design summary,2026-10-03
R56,"Vohra, S., et al., CENT Group (2015). CONSORT extension for reporting N-of-1 trials (CENT) 2015 Statement. BMJ, 350, h1738. [DOI](https://doi.org/10.1136/bmj.h1738). Reporting guidance; A, published abstract/checklist excerpts. [Production correction](https://doi.org/10.1136/bmj.i5381). Applied here as a methodological analogy, not an educational efficacy study.",https://doi.org/10.1136/bmj.h1738,A,published abstract/checklist excerpts,2026-10-03
R57,"Pavlik, P. I., Jr., & Anderson, J. R. (2005). Practice and forgetting effects on vocabulary memory: an activation-based model of the spacing effect. Cognitive Science, 29(4), 559-586. [DOI](https://doi.org/10.1207/s15516709cog0000_14). Experiment/modeling; A, PubMed abstract. Vocabulary-specific modeling cannot directly parameterize every domain.",https://doi.org/10.1207/s15516709cog0000_14,A,PubMed abstract,2026-10-03
R58,"Abdelrahman, G., Wang, Q., & Nunes, B. (2023). Knowledge Tracing: A Survey. ACM Computing Surveys, 55(11). [DOI](https://doi.org/10.1145/3569576). Survey; F, publisher model-category and scope sections. Predictive knowledge tracing differs from causal tutoring evaluation.",https://doi.org/10.1145/3569576,F,publisher model-category and scope sections,2026-10-03
R59,"McNamara, D. S., & Kintsch, W. (1996). Learning from texts: Effects of prior knowledge and text coherence. Discourse Processes, 22(3), 247-288. [DOI](https://doi.org/10.1080/01638539609544975). Experiments; A, ERIC abstract. Coherence/knowledge interaction, not a universal sentence-length rule.",https://doi.org/10.1080/01638539609544975,A,ERIC abstract,2026-10-03
R60,"International Baccalaureate. Diploma Programme Subject Brief: Economics, higher level. First assessments 2022, last assessments 2029. [Official brief](https://www.ibo.org/globalassets/new-structure/programmes/dp/pdfs/hl-economics-en.pdf). Curriculum source; O, indexed brief. Verify the learner's assessment year and full current guide before implementing curriculum requirements.",https://www.ibo.org/globalassets/new-structure/programmes/dp/pdfs/hl-economics-en.pdf,O,indexed brief,2026-10-03
R61,"International Baccalaureate. Business management guide. [Official guide](https://www.ibo.org/globalassets/new-structure/university-admission/pdfs/subject-guides/business-management-guide.pdf). Curriculum source; O, indexed command-term excerpt; direct full-document fetch failed. No claim of a complete current-guide audit is made.",https://www.ibo.org/globalassets/new-structure/university-admission/pdfs/subject-guides/business-management-guide.pdf,O,indexed command-term excerpt; direct full-document fetch failed,2026-10-03
R62,"Hanham, J., Leahy, W., & Sweller, J. (2017). Cognitive Load Theory, Element Interactivity, and the Testing and Reverse Testing Effects. Applied Cognitive Psychology. [DOI](https://doi.org/10.1002/acp.3324). Six experiments; A, publisher/institutional abstract. Immediate complex-text results may differ after delay; not a general rejection of retrieval.",https://doi.org/10.1002/acp.3324,A,publisher/institutional abstract,2026-10-03
